{"count":1,"self":61.9439168,"total":62.008758,"children":{"InitializeActuators":{"count":1,"self":0.00077699999999999991,"total":0.00077699999999999991,"children":null},"InitializeSensors":{"count":1,"self":0.001454,"total":0.001454,"children":null},"AgentSendState":{"count":3052,"self":0.02752,"total":0.035524,"children":{"CollectObservations":{"count":611,"self":0.0027919999999999998,"total":0.0027919999999999998,"children":null},"WriteActionMask":{"count":611,"self":0.00077799999999999994,"total":0.00077799999999999994,"children":null},"RequestDecision":{"count":611,"self":0.0030889999999999997,"total":0.004434,"children":{"RayPerceptionSensor.Perceive":{"count":611,"self":0.0013449999999999998,"total":0.0013449999999999998,"children":null}}}}},"DecideAction":{"count":3052,"self":0.011661999999999999,"total":0.011661999999999999,"children":null},"AgentAct":{"count":3052,"self":0.015097,"total":0.015097,"children":null}},"gauges":{},"metadata":{"timer_format_version":"0.1.0","start_time_seconds":"1756852674","unity_version":"6000.1.6f1","command_line_arguments":"\/home\/bho36\/Unity\/Hub\/Editor\/6000.1.6f1\/Editor\/Unity -projectpath \/home\/bho36\/Documents\/code\/unity_env\/MultiAgentWarehouse -useHub -hubIPC -cloudEnvironment production -licensingIpc LicenseClient-bho36 -hubSessionId d1546908-8e46-4cdb-91e6-39c5c34c7242 -accessToken 67vImB2GOznjM54A_nZCHPABBULX3HnUttOimCaWaBQ002f","communication_protocol_version":"1.5.0","com.unity.ml-agents_version":"2.0.1","scene_name":"generateWarehouse","end_time_seconds":"1756852736"}}