{"count":1,"self":14.143726399999998,"total":14.227236999999999,"children":{"InitializeActuators":{"count":5,"self":0.001398,"total":0.001398,"children":null},"InitializeSensors":{"count":5,"self":0.002688,"total":0.002688,"children":null},"AgentSendState":{"count":559,"self":0.039862999999999996,"total":0.04813,"children":{"CollectObservations":{"count":560,"self":0.0022129999999999997,"total":0.0022129999999999997,"children":null},"WriteActionMask":{"count":560,"self":0.000647,"total":0.000647,"children":null},"RequestDecision":{"count":560,"self":0.0028959999999999997,"total":0.0054069999999999995,"children":{"RayPerceptionSensor.Perceive":{"count":560,"self":0.0025109999999999998,"total":0.0025109999999999998,"children":null}}}}},"DecideAction":{"count":559,"self":0.0049629999999999995,"total":0.0049629999999999995,"children":null},"AgentAct":{"count":559,"self":0.025647999999999997,"total":0.025647999999999997,"children":null}},"gauges":{},"metadata":{"timer_format_version":"0.1.0","start_time_seconds":"1755502590","unity_version":"6000.1.6f1","command_line_arguments":"\/home\/brandon-ho\/Unity\/Hub\/Editor\/6000.1.6f1\/Editor\/Unity -projectpath \/home\/brandon-ho\/Documents\/unity_env\/multi_agents -useHub -hubIPC -cloudEnvironment production -licensingIpc LicenseClient-brandon-ho -hubSessionId 82bf8a42-1845-4ef7-b005-5502bdc12e72 -accessToken RWP4hqOJ1DK82l7DnjjRn2LlzYLVv81r6QexB6_NMwU002f","communication_protocol_version":"1.5.0","com.unity.ml-agents_version":"2.0.1","scene_name":"SampleScene","end_time_seconds":"1755502604"}}